<?xml version="1.0" encoding="UTF-8"?>
<project-private xmlns="http://www.netbeans.org/ns/project-private/1">
    <editor-bookmarks xmlns="http://www.netbeans.org/ns/editor-bookmarks/2" lastBookmarkId="0"/>
    <open-files xmlns="http://www.netbeans.org/ns/projectui-open-files/2">
        <group>
            <file>file:/D:/Keen/Documents/OUTPUTS/3rd%20Year%20(2nd%20Sem)/CS%20139%20-%20Operating%20System/IntranetChat/src/chatter/ServerFrame.java</file>
            <file>file:/D:/Keen/Documents/OUTPUTS/3rd%20Year%20(2nd%20Sem)/CS%20139%20-%20Operating%20System/IntranetChat/src/chatter/ClientFrame.java</file>
        </group>
    </open-files>
</project-private>
